timestamp_utc,kind,wallet,sol_spent,pump_amount,signature
2026-09-22T14:11:23.000Z,BUY,99mRw3EzdJZWEUjgp1nrU4WeHsukUBjbh7gYE7pm4F3c,0.979821645,25644.309019,2CuneDZpExAaJaDqKzmq5hG9jj9YfuoztDQ732kQEfdm4yJJypuNyRhuVcQC9A1D9bc2Kme4aSBGhet8L1GTTPsE
2026-09-22T14:11:25.000Z,BURN,99mRw3EzdJZWEUjgp1nrU4WeHsukUBjbh7gYE7pm4F3c,0.000000000,25644.309019,5PHUvyooNBfNqWD9cre6B8hKwBhta4hq9h7qgjCXG5FBwirgTDtQNDRPYn5dzRu9DDhgErcbR1MM6TgSem6czjBa
2026-09-22T14:11:43.000Z,BUY,99mRw3EzdJZWEUjgp1nrU4WeHsukUBjbh7gYE7pm4F3c,0.868198623,22723.792575,twe8UB6tGARtkdj7TYBjsQF5meVKdXyRRzgTqX7NnCQngB3mZv5BBHRdaRuJ67r6CfLrCJD1oTmhriVDo2Na4gm
2026-09-22T14:11:45.000Z,BURN,99mRw3EzdJZWEUjgp1nrU4WeHsukUBjbh7gYE7pm4F3c,0.000000000,22723.792575,65XmA7Wp1LUZAzJ3NN49BmuswPTsmbyK9ghLMTirxpuW8Bw9xkycfbfubr44ZjFSXn6D9zkpZqe4Sa251aywuHcU
2026-09-22T14:11:51.000Z,BUY,99mRw3EzdJZWEUjgp1nrU4WeHsukUBjbh7gYE7pm4F3c,0.294879152,7711.083694,4PD8igz3ZG3foi3SE4R386L5whWdyQUez13WwVBPUK1uCLQu611r5kh7CcAJcLQoQMEHw1dMNbSww1peZ4jroux2
2026-09-22T14:11:53.000Z,BURN,99mRw3EzdJZWEUjgp1nrU4WeHsukUBjbh7gYE7pm4F3c,0.000000000,7711.083694,5ZGdUDfWwScpKq3EQxBuuY6pPGGhMsqrDBFtkJRq7jg9C2EaZK2WHgACixJ2GZwCX2HhiVFD2jSWcNQVm8mU4887
2026-09-22T14:12:00.000Z,BUY,99mRw3EzdJZWEUjgp1nrU4WeHsukUBjbh7gYE7pm4F3c,0.308826244,8072.033360,4VLJs4ShMkuGLybmiUiG6BXhfYzq9zeUxgsEYP8h7xo5PNwQZCER9LMUiNfKErDGon7JfLKTd8aBHiY9sy1ssBHC
2026-09-22T14:12:02.000Z,BURN,99mRw3EzdJZWEUjgp1nrU4WeHsukUBjbh7gYE7pm4F3c,0.000000000,8072.033360,3Rm2gsurYDiVbm9C71nY3Birc8dya13BniPN6kLNkMuwbES5Bn3TwhrGKe928LzNiqoAzYqxXfzsknjxH8JKBwFz
2026-09-22T14:12:05.000Z,BUY,99mRw3EzdJZWEUjgp1nrU4WeHsukUBjbh7gYE7pm4F3c,0.161569846,4223.720488,5ggFnNGH6Wd6u5tYF3iQxv98NoLsY64K4FQs6wqd6Y3YUDbRbtyxVRLHYMGFJ7X6gjvy2F7KtiartwhhE2CW6HaK
2026-09-22T14:12:08.000Z,BURN,99mRw3EzdJZWEUjgp1nrU4WeHsukUBjbh7gYE7pm4F3c,0.000000000,4223.720488,45bG9Cu5LDLQYkAEsx9PsvMignSfRcTGWXrKroW8KpXgQhNDqsAjdAbtxpUg1duMpHjcWRyQW3QApFGbfbkrjSsj
2026-09-22T14:12:10.000Z,BURN,99mRw3EzdJZWEUjgp1nrU4WeHsukUBjbh7gYE7pm4F3c,0.000000000,18118.883150,Uour6qjx1o7VEoCRxnmh1Py6yheWAEjMVednDkGnHkWdebdghBvjJaU3Jz3DTsAPrcxkUAGEaTNjHGGgnxcUGBd
2026-09-22T14:12:16.000Z,BUY,99mRw3EzdJZWEUjgp1nrU4WeHsukUBjbh7gYE7pm4F3c,0.250993403,6564.763899,5PDcXCEZF4nDAyafrq17WMybxpmeWs5JNsiKkX2NgMisZLtCHoP25Exu1Trap1EH8oaYbvDKLTwByqQmDAeVqdQc
2026-09-22T14:12:17.000Z,BURN,99mRw3EzdJZWEUjgp1nrU4WeHsukUBjbh7gYE7pm4F3c,0.000000000,6564.763899,dyH96C1ZJfm6dx5qLpBsz6CYo13SqDygnPuX1RZB8e7HbHSDjpfo97N6Uhq9ssPaRxWAxY57YV6CRUVToivEmVG
2026-09-22T14:12:18.000Z,BUY,99mRw3EzdJZWEUjgp1nrU4WeHsukUBjbh7gYE7pm4F3c,0.771225062,20173.049319,3pG67HXSJ1maEqGQX7W1DJB8bngMcDTDTrqdH8W3B5pbHPAn7TrBHv8AF34n1JjqUDiF3aBNYdksGjZ7foHiPMay
2026-09-22T14:12:21.000Z,BURN,99mRw3EzdJZWEUjgp1nrU4WeHsukUBjbh7gYE7pm4F3c,0.000000000,20173.049319,38AVwioN74jcpU6dHV52Uh5KBxNgy3wzE83KNavWbmUSHCFv3J6cUTsjhZnLwkWbq4RQFqzP5wujwPuMyQjgT4cr
2026-09-22T14:12:46.000Z,BUY,99mRw3EzdJZWEUjgp1nrU4WeHsukUBjbh7gYE7pm4F3c,0.921606307,24100.881957,D2jLAt32VB4DSqGos1QTbFtM8r1arQqrYbdHpDtvzBShugEYsCseE1xTM7H7PFuufrrMuJwUyWmJ1kyJaCfsR9B
2026-09-22T14:12:48.000Z,BURN,99mRw3EzdJZWEUjgp1nrU4WeHsukUBjbh7gYE7pm4F3c,0.000000000,24100.881957,4KydvrBxNVi1rnBzn5TYwUoHQq2wCVBaaMGk1SA75Wj9hrDwFY7jrbtjBttreCNC8s9ZVW4phjiimkQwd5eNuT94
2026-09-22T14:12:58.000Z,BUY,99mRw3EzdJZWEUjgp1nrU4WeHsukUBjbh7gYE7pm4F3c,0.245455466,6418.658417,5rWRDrUBceX4TLr215i6YZJL5We2bgVU4ihy3eTH2HHdg3gQRQVA8n2QdxkDKugPd2H8oXYwjEFhd8h5EA7RSyAv
2026-09-22T14:13:00.000Z,BURN,99mRw3EzdJZWEUjgp1nrU4WeHsukUBjbh7gYE7pm4F3c,0.000000000,6418.658417,3DNgEAJZdDKnhKykyHCN7DWsA28XUT7XmnuYui51EwaJvGRERph9uepbZhLRVzFmxXEcXiizwTu16owogdrWC1V1
2026-09-22T14:13:01.000Z,BUY,99mRw3EzdJZWEUjgp1nrU4WeHsukUBjbh7gYE7pm4F3c,0.584976124,15293.635089,2vQaXnLiRoMXLUt1p8sG59Ncffn9z3NDB34WEn6tYJTDWBSN6xRZuyMnvVMe2gFmMHqgdd8aMouWQZsyvpwioaam
2026-09-22T14:13:03.000Z,BURN,99mRw3EzdJZWEUjgp1nrU4WeHsukUBjbh7gYE7pm4F3c,0.000000000,15293.635089,4eLi8x8nARiAtoRSFnL9yBSydcEc8fHQEPr5eZpFvNpmbqnxPNgioNKXZq1HrdUkuXppKFYAPiykeTUSENta4uRS
2026-09-22T14:13:10.000Z,BUY,99mRw3EzdJZWEUjgp1nrU4WeHsukUBjbh7gYE7pm4F3c,0.947934755,24732.523783,29EGuxaN1hBASuuFyjJ6MU5XPu1RQZ1n4aGEZUWpm9x3C8eosLjSzzESJyUixfDhqqGpAfZcmkiqejaMQqowYpTL
2026-09-22T14:13:12.000Z,BURN,99mRw3EzdJZWEUjgp1nrU4WeHsukUBjbh7gYE7pm4F3c,0.000000000,24732.523783,4XcKykTUhcwurWkMvNmqbKwDBSL9dz44vsdN2K4Rp7bCjct1PvRhdxCNUdt7zQVyZV2vFVSgouU6iexJFx42LTMj
2026-09-22T14:13:45.000Z,BUY,99mRw3EzdJZWEUjgp1nrU4WeHsukUBjbh7gYE7pm4F3c,0.338445578,8830.928307,c1PAAdjeAxQUPKyzsqDjZBdL2RtyRbo7CqMYPBYrTogze9wVx63oaqLrecCnZorkCmHenAcgGmpEKG17duLWhKX
2026-09-22T14:13:47.000Z,BURN,99mRw3EzdJZWEUjgp1nrU4WeHsukUBjbh7gYE7pm4F3c,0.000000000,8830.928307,418CxBX9gyrVL7yNDjD4HsqNuah9A1sQKdq7P3xCjvKrDw3NSQG2YPwPD5a1qPFHXsoSXvj8ZMZjf6Dq4QvThZQJ
2026-09-22T14:13:50.000Z,BUY,99mRw3EzdJZWEUjgp1nrU4WeHsukUBjbh7gYE7pm4F3c,0.395773449,10319.230245,2VLorxnWLUYAf9CSveJj3FgqFX3ngTFoxi7P3th9EwrT1UDnyGN9mS12j9pCTSUaFw3e7szeW8NnaGtUSVMzatmf
2026-09-22T14:13:52.000Z,BURN,99mRw3EzdJZWEUjgp1nrU4WeHsukUBjbh7gYE7pm4F3c,0.000000000,10319.230245,3reZtk8LPhACHZKpTZTFRbTHtXyfTD5iMC4gB1QuNeGgi6vBi44VZxRaG9miny3BxpMRXCLLqEhAa594LPt8UYhR
2026-09-22T14:14:04.000Z,BUY,99mRw3EzdJZWEUjgp1nrU4WeHsukUBjbh7gYE7pm4F3c,0.160607901,4191.156790,Rok51sRfccXvHRzJUPF73GrUFjG2XjVR3cmnh9qQWmZn3jgXeVmqKbtbqRoZSbTvwkdwhPtwcu73S2CMDdEmhhi
2026-09-22T14:14:06.000Z,BURN,99mRw3EzdJZWEUjgp1nrU4WeHsukUBjbh7gYE7pm4F3c,0.000000000,4191.156790,547jbCfNjm85s9V5NHvVfEcCnQU13dBeEkww4aMhK8gn8DecPmtpnCxnbALCMkiPfL3uVcVU1UMpUz3L4i9F877S
2026-09-22T14:14:09.000Z,BUY,99mRw3EzdJZWEUjgp1nrU4WeHsukUBjbh7gYE7pm4F3c,0.759200149,19812.705614,2aEbBbRWz9kZPTkA9iUi655Y5uSimzotesJ5Eq84u5TDBtXuFE4kxyU6rR8zfRYuNAkGh8Rm1zpcyAyBTvyz5u6k
2026-09-22T14:14:12.000Z,BURN,99mRw3EzdJZWEUjgp1nrU4WeHsukUBjbh7gYE7pm4F3c,0.000000000,19812.705614,5ART3vjw651rRHY7UvMeXD9fG5giLEFpNEgD2JwrJEf9QdJPr11PBXd1p5gqmXvKaQ8WdkFsrCSdUAqdUYCaxEo8
2026-09-22T14:14:18.000Z,BUY,99mRw3EzdJZWEUjgp1nrU4WeHsukUBjbh7gYE7pm4F3c,0.571180856,14902.162815,54n1U1QZUJmhJgEC6NtkTHHaZSwZ73pPCYYZMaSeuhNvkd9StYhSNQmCumGaYguGezCGuKtDtByT82rK1eqxgULc
2026-09-22T14:14:20.000Z,BURN,99mRw3EzdJZWEUjgp1nrU4WeHsukUBjbh7gYE7pm4F3c,0.000000000,14902.162815,5n5JPXKeLAW2DcTFCDc2wWADdkQq7sNnYMqZpWs6gpn6z3BzppAVvchewghUwUAbTYfHNVnojMmfAdPSYTdusapg
2026-09-22T14:14:26.000Z,BUY,99mRw3EzdJZWEUjgp1nrU4WeHsukUBjbh7gYE7pm4F3c,0.976651887,25484.027995,54Uo96RB6NGiZW5wVAd4AvG4v77QBqYFb2mwS8utCenZ4Lu6TvNbcWXSxpq92FAdLP9NeJHvKN3jtW8u3iDGsjjV
2026-09-22T14:14:30.000Z,BURN,99mRw3EzdJZWEUjgp1nrU4WeHsukUBjbh7gYE7pm4F3c,0.000000000,25484.027995,4Hz3vA2LysfKQyhDGC98djvkg47QGRabA56kUif4FDYjGTs4q59iF7U4MzPKALhYnBwAYBZBCkQh8nkMxfe2MeRT
2026-09-22T14:14:31.000Z,BUY,99mRw3EzdJZWEUjgp1nrU4WeHsukUBjbh7gYE7pm4F3c,1.297380758,33840.116145,3spjFbNLopw8zQv75EdkNCbZVPAbESNBSg9uFMhajTLkR2mbe7p68FdJLv8P2gKK7yHbPVgH8pxdBXBqnorSg1tk
2026-09-22T14:14:33.000Z,BURN,99mRw3EzdJZWEUjgp1nrU4WeHsukUBjbh7gYE7pm4F3c,0.000000000,33840.116145,25PFA5XdToXdx4n74j4ahnRdu4Wvws8Da6iVj4Dwy4VqUtLujg9VCnet3pjW2NRg3LeGfy8PNE3przupftyFKnnC
2026-09-22T14:14:45.000Z,BUY,99mRw3EzdJZWEUjgp1nrU4WeHsukUBjbh7gYE7pm4F3c,0.244937739,6408.332389,6VEKj2Yx4XvqbqGLC4PF659p3Sz4g4kic1dHP2piv5VA88BPqwvtxBVBNVRaqJQ5tgyiFiBFg4aBwYXAb1obvsM
2026-09-22T14:14:47.000Z,BURN,99mRw3EzdJZWEUjgp1nrU4WeHsukUBjbh7gYE7pm4F3c,0.000000000,6408.332389,2u1W3fMHE1WQHgmrHy8kFZHj3JL2XUn8ZkMMu47FdfUQ8NMS93ozM8H2XJLbS9XoJK7xxESVTjpjUiKhLG5Q1Rif
2026-09-22T14:14:58.000Z,BUY,99mRw3EzdJZWEUjgp1nrU4WeHsukUBjbh7gYE7pm4F3c,0.575824857,15022.109387,WDiDVW94yAMQyTqj6sUqGs6LZjbnwB9cD1xnWsQt1iBgoMuFGspcReVwsd8t5ehSc5YPtxLAkahgDkY2amqkW9k
2026-09-22T14:14:59.000Z,BUY,99mRw3EzdJZWEUjgp1nrU4WeHsukUBjbh7gYE7pm4F3c,0.393877974,10276.724860,5U4rCqmNVX1XYTDFEnDajBcQiRCCgsW3C3J9sq7uSHq1iTBKSrvj5rJzpH7vezYjLg9EU8Z5nhCDzgX9RwtuWEJk
2026-09-22T14:15:00.000Z,BURN,99mRw3EzdJZWEUjgp1nrU4WeHsukUBjbh7gYE7pm4F3c,0.000000000,15022.109387,29xDdzU7LSZjuadGGJkdQzERrwcQawzV8tBNdADAmmMNyzYD6t7D1zUzkUHnzRcfWDJAQGNvsaHNzMW284P8hJuo
2026-09-22T14:15:01.000Z,BURN,99mRw3EzdJZWEUjgp1nrU4WeHsukUBjbh7gYE7pm4F3c,0.000000000,10276.724860,yPWqP3EFdS2i7LgSRmDTCZKYn1fnanxL9q6eacALSPHaGk4QtC6ACtZcr1ykYjk6HqR25fV4ZPQQQmYbTdP746h
2026-09-22T14:15:13.000Z,BUY,99mRw3EzdJZWEUjgp1nrU4WeHsukUBjbh7gYE7pm4F3c,1.023240232,26692.546478,2xnynWdvj9hB7mythJfKJgokTuZxShBENTpJsu3dopR62KSEUAWsriLZHrddsU4KCsfmZbenHa7f2mFkxDFMKMXc
2026-09-22T14:15:14.000Z,BUY,99mRw3EzdJZWEUjgp1nrU4WeHsukUBjbh7gYE7pm4F3c,0.388606883,10168.650000,4SnVeMGehP3ybE7XuiL9kRuC2YY3K1dBRksqyFss7GYJvyjX2ag35JHe1v2FomGWWYTk9hqvCMuoRQ4yCHEatY12
2026-09-22T14:15:15.000Z,BURN,99mRw3EzdJZWEUjgp1nrU4WeHsukUBjbh7gYE7pm4F3c,0.000000000,26692.546478,4cEuA2Dkg1JGRGUrHsRRss1ark4d19ePdoLscB7VfGcyTvxEZdFLoXV2nBtgPoeziK33PFhYC2RkY37wixmQea2m
2026-09-22T14:15:17.000Z,BURN,99mRw3EzdJZWEUjgp1nrU4WeHsukUBjbh7gYE7pm4F3c,0.000000000,10168.650000,ND2nFLou6y7QQJvEoJ1srVpxmYHoWX6VncxHK1CgNo7bUQmq2X1o8tgk25cqAyC8vCkZbznmF8pkbAtw2LWXpfm
2026-09-22T14:15:19.000Z,BUY,99mRw3EzdJZWEUjgp1nrU4WeHsukUBjbh7gYE7pm4F3c,0.242002683,6313.386106,4KAYYciqqoxEAg8ATZ57N4MSwMp44rvTCSHffzKTZJMDRFvNs4vXTgYNxd89AhFYJJs2T2w69vASRuRGNZnzyDny
2026-09-22T14:15:21.000Z,BURN,99mRw3EzdJZWEUjgp1nrU4WeHsukUBjbh7gYE7pm4F3c,0.000000000,6313.386106,4MBBaPf3hMrCM9pcqEbS7FqacZqChi1Gajcyir84VqX4w6KxQbyQWfH1qMZhXkFi5ww58ixdwfVfYGh67FaDJun1
2026-09-22T14:15:22.000Z,BUY,99mRw3EzdJZWEUjgp1nrU4WeHsukUBjbh7gYE7pm4F3c,0.651119844,16975.036378,2mknwdighKGYSnNUU3Unvsf2kR24y8KMCAEzZNT5xubbUCGwuUxYYNWtFPM5aMvMULbBpte1bdZ3zypKfVfVEvET
2026-09-22T14:15:24.000Z,BURN,99mRw3EzdJZWEUjgp1nrU4WeHsukUBjbh7gYE7pm4F3c,0.000000000,16975.036378,5UjQTHJe9xKxSURhE9iMyvcH9map8DbyXe3cU8oKuvLiHGsEnyXFh9SLD2TR8cmWZiw6iPtLaQPLo8GobAPzb5jR
2026-09-22T14:15:30.000Z,BURN,99mRw3EzdJZWEUjgp1nrU4WeHsukUBjbh7gYE7pm4F3c,0.000000000,10226.290000,39fvxuQvwQuTZaxPT9sFh4yjkYQ6Xb64V49fWwTkAaNiaMHwTc2V9oaj1XRzs5jVucKvaGnY2fTpKSHjqiKuTWYd
2026-09-22T14:15:47.000Z,BURN,99mRw3EzdJZWEUjgp1nrU4WeHsukUBjbh7gYE7pm4F3c,0.000000000,7759.418996,21x9WPpz1MVZDVybz487Qqvgw25dgsEjLL59NopUKtQwmCqof9rWubNAnrwfR1CxkbDDftwh6axQGFpnhM8qRefP
2026-09-22T14:15:50.000Z,BUY,99mRw3EzdJZWEUjgp1nrU4WeHsukUBjbh7gYE7pm4F3c,1.061934249,27749.890000,5NfxATfLyAessMZtt53wZ2P3fYT98282JBqW5T4JWTCUNS6kaGpw6z9QRWZcfDdHAaYR4AZ2G9gPHkc283vjFSW7
2026-09-22T14:15:51.000Z,BURN,99mRw3EzdJZWEUjgp1nrU4WeHsukUBjbh7gYE7pm4F3c,0.000000000,27749.890000,45JcoL6z6F5LNAwN26k3QFHbLEByLnSuDEKABRLUw1qLzxQPk2XCh2yC59JmnRhHwFxSeMcsSR6r7LNm6mFWspCN
2026-09-22T14:15:53.000Z,BUY,99mRw3EzdJZWEUjgp1nrU4WeHsukUBjbh7gYE7pm4F3c,0.209086471,5466.123534,5E1PbqMscv4wRLwnwesS8WaPQXZM5ef2RMjQyVhEv9RCUCk4ioPCaB9pihHwborQ5Tr2Xk9tyZeifMCM9EZd2qRt
2026-09-22T14:15:55.000Z,BURN,99mRw3EzdJZWEUjgp1nrU4WeHsukUBjbh7gYE7pm4F3c,0.000000000,5466.123534,2exbZ4nejcKzEqwuy3WYnXc9H76kkqKta1kV7MXyPJG6RZepRQozzCTcVNrpie2fhGRCnkghDe89Hsocgh2S5FyE
2026-09-22T14:16:14.000Z,BUY,99mRw3EzdJZWEUjgp1nrU4WeHsukUBjbh7gYE7pm4F3c,0.309401093,8095.619240,3owyu68fCEF4pLorNn8LcRrv1giUpiX4bUFMsgGQdcN7bBGjLENx6ZaZUvhsmagxbLYCAbvY5xXmS6WLtzGMkiKN
2026-09-22T14:16:15.000Z,BURN,99mRw3EzdJZWEUjgp1nrU4WeHsukUBjbh7gYE7pm4F3c,0.000000000,8095.619240,3QXLTXw7jLUKCVW8tEobmCoyqS3tBZwU9V8oTBfmyxHcsSWFqdxZ2hsQFCePsmWfv7YCzdWk37ZXKvAh2LXB1Yqk
2026-09-22T14:16:18.000Z,BUY,99mRw3EzdJZWEUjgp1nrU4WeHsukUBjbh7gYE7pm4F3c,2.113241947,55295.598596,3VHZ8zZY5WtW34ZeW6b4KYELxGgsishSSPTtLR6VXD7n3dwtwFwkD93RanyXXHhmfxFfR9TVuRAZdVpQ5CF3t8Bt
2026-09-22T14:16:20.000Z,BURN,99mRw3EzdJZWEUjgp1nrU4WeHsukUBjbh7gYE7pm4F3c,0.000000000,55295.598596,4HGVhnprQFs5iqAaWvN4mxLT3b2LMPLuh7hLVsopCJnFqHqESDNtPhUmWTNhgBQidAJZf6aasbn1TqjD4D1R6wf5
2026-09-22T14:16:21.000Z,BUY,99mRw3EzdJZWEUjgp1nrU4WeHsukUBjbh7gYE7pm4F3c,0.861635058,22542.513341,MKG5X13VS3fasnwTJ9XBvmVUTkTQkTT3rgN6s2gaPr8JMGsA9nEzEeR8QVVmAFzML1VGGj5FNdyb4jn6Qm3w8My
2026-09-22T14:16:22.000Z,BURN,99mRw3EzdJZWEUjgp1nrU4WeHsukUBjbh7gYE7pm4F3c,0.000000000,22542.513341,5C3aR4cTFXHaJuTGBTCJjyeozDg1Y4naQ6SeKr2kvSTPPwbbzEXv6197v5SH3giWJD2SYx2mC9v7nPp77YPoAzrW
2026-09-22T14:16:28.000Z,BUY,99mRw3EzdJZWEUjgp1nrU4WeHsukUBjbh7gYE7pm4F3c,1.136559939,29734.358191,5DfSzcaNpYBc7baC3XwjhoUtwiESubYk6eft3dhKGS46ULr8NjEfUFHSS2QVMLtYpHbdm9ayG3jsZ4T7h2DXGSVs
2026-09-22T14:16:29.000Z,BURN,99mRw3EzdJZWEUjgp1nrU4WeHsukUBjbh7gYE7pm4F3c,0.000000000,29734.358191,58eKmnhKuKkt9uLxXHtajzosWW3Ewzh4jxyKQfgqhuKipUaTkmuP8ZAr1c3oqWHxBLGeCdaYymQb7oE7ynz4oLK7
2026-09-22T14:16:33.000Z,BUY,99mRw3EzdJZWEUjgp1nrU4WeHsukUBjbh7gYE7pm4F3c,1.084604775,28369.640000,3TxcW6Wmj6TKCrQhapHjZeepxutrzeudCDd7e7mhWPkDrS52iceXWEch3ZYBGyYHt898PbuqJAFBmvyfq1QYkqvw
2026-09-22T14:16:34.000Z,BURN,99mRw3EzdJZWEUjgp1nrU4WeHsukUBjbh7gYE7pm4F3c,0.000000000,28369.640000,3isx1aoTz9AUujnDMNbDUzZ92cpXSb2VUpMBhdLYGh9z4wWprM2nMA7KB41YpLTNgAv5tQKzpC5LSrT4nAwi38xz
2026-09-22T14:16:35.000Z,BURN,99mRw3EzdJZWEUjgp1nrU4WeHsukUBjbh7gYE7pm4F3c,0.000000000,23.523413,4RBijDhxdwCa5TTiYBfTaqHqGk1QU9QB7odLx9MMGcLSK5FPJzXWXAEp9dxq8ycQjYDnkS4S23EyZkjVBCaZqQNm
2026-09-22T14:16:39.000Z,BUY,99mRw3EzdJZWEUjgp1nrU4WeHsukUBjbh7gYE7pm4F3c,0.956008689,25007.272420,5cX1xr6zwh7gX9YK4Rm8o5vBBk7zb6NJsyhZG8dDSa1UnKNkdeVWqgXTCJa3EzwRuADXWVBcYkizMkxFQY3R7JCt
2026-09-22T14:16:40.000Z,BURN,99mRw3EzdJZWEUjgp1nrU4WeHsukUBjbh7gYE7pm4F3c,0.000000000,25007.272420,2yR6JFeiJJtU97q59MV7m2bR3AR3obmFBJBn4HrwoiBxeTDZfbhiZC49mwF9A2oEakfckR9BeT136nerLPSVaT4f
2026-09-22T14:16:42.000Z,BUY,99mRw3EzdJZWEUjgp1nrU4WeHsukUBjbh7gYE7pm4F3c,0.454491070,11886.470000,3Z9cwwQmAmcCqzHVqjwtCDwEnWiaSNwPHBM4XPyFqfXBhNJxhUWS5VC4wnDQmqmLoYmJPu1T2dSQwCrpRpsYDbGH
2026-09-22T14:16:43.000Z,BURN,99mRw3EzdJZWEUjgp1nrU4WeHsukUBjbh7gYE7pm4F3c,0.000000000,11886.470000,3ti8ko9D4MKxXY9kZkrckttr6QyERd3fNhFxu9TGt7pj8zTDtA8eF6XFvfSfcHbftVPQZrCw9Arq2FqGVe3WtxTd
2026-09-22T14:16:44.000Z,BUY,99mRw3EzdJZWEUjgp1nrU4WeHsukUBjbh7gYE7pm4F3c,0.645130986,16876.930821,5FfZF4wFDs2zwh8N7hsJ1m6gpCcnXghUonfsaykHx9LHMQCScGtU21r47XMt5iH8HvgaHzwVs4bLQ26bvUs7Ps4A
2026-09-22T14:16:45.000Z,BURN,99mRw3EzdJZWEUjgp1nrU4WeHsukUBjbh7gYE7pm4F3c,0.000000000,16876.930821,5aEi2AoRo82uTQ75NCsjVjqMpsmTSX1qQrYicQjuxJ2qTkMTAS6C8qcLHJKBiSmgTyYtBahreS1viZ6TnRdnv7Ea
2026-09-22T14:16:49.000Z,BUY,99mRw3EzdJZWEUjgp1nrU4WeHsukUBjbh7gYE7pm4F3c,0.347530321,9088.550000,2hqTPKPY71icRFS6L8L4qUvA2EgQweCr7hc5QbssHAErLxhv6B1XGnaKWZ1QDSVf2qKJjASMmuzApK6FiEMiLNwP
2026-09-22T14:16:51.000Z,BUY,99mRw3EzdJZWEUjgp1nrU4WeHsukUBjbh7gYE7pm4F3c,0.185456212,4850.559993,2eDVKTE3WhEvbTCi1XpWbFcxgxcUFqHxafhoDhbcZa51ofYhciG6Vx5jjvNQQDW6CTH6gHx1FdSAWrsWNLepezkv
2026-09-22T14:16:52.000Z,BURN,99mRw3EzdJZWEUjgp1nrU4WeHsukUBjbh7gYE7pm4F3c,0.000000000,4850.559993,5iKZajkjEx17YPGC14zAp5g39e8GJVfHznFtxUG1kxf3TqmCrgTzwPD5HKm3jJq93GDXc5iubvWaJsbRuAtXZ7Yc
2026-09-22T14:16:52.000Z,BURN,99mRw3EzdJZWEUjgp1nrU4WeHsukUBjbh7gYE7pm4F3c,0.000000000,9088.550000,JWjk4nKx8ZtuHifPLNbenAyWSerbHDvsjJQotWuoC4zx2JcDhgcdPD6zSV2YWP9V7LjYAFa7u9sgGDgreYkJYKb
2026-09-22T14:16:53.000Z,BUY,99mRw3EzdJZWEUjgp1nrU4WeHsukUBjbh7gYE7pm4F3c,0.263549961,6893.000000,TWvX4HcVJeiFcyawD3KkYZarqQPU18xBe1yN2F7GPZUqkUMnquWg2XKSqrcg583tyqbo7E8AAfDMLwi3p3RVqLP
2026-09-22T14:16:55.000Z,BURN,99mRw3EzdJZWEUjgp1nrU4WeHsukUBjbh7gYE7pm4F3c,0.000000000,6893.000000,QWtux7YqxDShFoQEp5WanUZLvesvYBB46gfH2M89PJtmRUjtDpmiHj2NC1UuPXPgCJxbovGW1aHm3D64jjWbpJs
2026-09-22T14:16:56.000Z,BUY,99mRw3EzdJZWEUjgp1nrU4WeHsukUBjbh7gYE7pm4F3c,0.359936861,9412.441480,KLabKXQRYNzjiG1aB3DxG9FnAz2xuWmiFks3EkC2YnhuUMGQKhfvRvsGwNers3qHMKnAh8wc6ZgPoUdsjwQDG78
2026-09-22T14:16:58.000Z,BURN,99mRw3EzdJZWEUjgp1nrU4WeHsukUBjbh7gYE7pm4F3c,0.000000000,9412.441480,2sAi1GL1oHt5YqqNQ6a5wEZ7YLXp5Fjx24uYT9qhGCzUnFrnoKcmZVL5fkWTkzfu3KU9gKkEkhadbRajVqVEhib6
2026-09-22T14:16:59.000Z,BUY,99mRw3EzdJZWEUjgp1nrU4WeHsukUBjbh7gYE7pm4F3c,0.570153975,14915.183391,FGdYRjJbgwwZCqa4GB5xWig5KWNgov8S7RBJEogREaeTBtFLt1aF3q9ia7q52DX5Gpvfi5oF2vHzyiYTUBWxKvS
2026-09-22T14:17:00.000Z,BURN,99mRw3EzdJZWEUjgp1nrU4WeHsukUBjbh7gYE7pm4F3c,0.000000000,14915.183391,2kSwWbezMAwEK1FnL4TrbRDEJLMAVWp74YPD5SXtb9LZT8i4AA577mGqKvbo8Daab3cS9PFnhKu9ncg9e8E147Uu
2026-09-22T14:17:02.000Z,BUY,99mRw3EzdJZWEUjgp1nrU4WeHsukUBjbh7gYE7pm4F3c,1.909669942,49962.358645,WU2bDLb3fVTchH61HZyKgd9fumVwm7XRHeW6CK4LcDrWip43iWVeotnLiDDBFZs6Jhp3jPfVM4fTHqycUJrprkW
2026-09-22T14:17:03.000Z,BURN,99mRw3EzdJZWEUjgp1nrU4WeHsukUBjbh7gYE7pm4F3c,0.000000000,49962.358645,54DQRbJCkXbVqy2FRtSKcvFABFWsba5Go6v4YmQsq7oP8NX2j8AG7QTEGmujjAmDWNeqnPMtCaTLY2kFGWQ1XFQH
2026-09-22T14:17:05.000Z,BUY,99mRw3EzdJZWEUjgp1nrU4WeHsukUBjbh7gYE7pm4F3c,0.735211905,19229.300000,oX4QibNQVTkCRAVoKT7dKeDJdtsN7vVYpnwNykNr9pMFDyAuRwW4WGGg8kBSm9v6HaDMe5W8PfkwWR3zREkS75B
2026-09-22T14:17:06.000Z,BURN,99mRw3EzdJZWEUjgp1nrU4WeHsukUBjbh7gYE7pm4F3c,0.000000000,19229.300000,2eo9vhu1XsW7Ak8s6aZBGoA2z54C4uMxBjMifrogofKspNxMoFJwNPtgz9vitBcU3sRP2pXkb2uMpYht4aS6khgj
2026-09-22T14:17:07.000Z,BUY,99mRw3EzdJZWEUjgp1nrU4WeHsukUBjbh7gYE7pm4F3c,0.923455360,24160.668614,5BLfyf3gKM4YEtw5X4Up4b2qWywaBYGXRznACRekn84x68ZrorhzhtSULCxNnWKzcU5AjkA9JX6FEj3CK6LsMx5C
2026-09-22T14:17:09.000Z,BURN,99mRw3EzdJZWEUjgp1nrU4WeHsukUBjbh7gYE7pm4F3c,0.000000000,24160.668614,2zGgL5radqNVaUjRtR69GCBj1b8KsGFqvSnTPJRVQWWXzB8f4iFpGBcGLDxa2adjaKW5hxvVpLomozHcpfqF5EHF
2026-09-22T14:17:10.000Z,BUY,99mRw3EzdJZWEUjgp1nrU4WeHsukUBjbh7gYE7pm4F3c,1.020230786,26688.470000,4VfwYTuqGy7kJAyoVVFdjkJQqqCJwUKF9S8XjJjpGC7na8tC7N7GTEMbYrLnFjgdisSXZgF2vLRqmWPFg5jgPVo6
2026-09-22T14:17:12.000Z,BURN,99mRw3EzdJZWEUjgp1nrU4WeHsukUBjbh7gYE7pm4F3c,0.000000000,26688.470000,jY6MDnMT2kFymmwarzJPTEGuTTru4hzW2BwEw1imUG3ckpekdR57aC4FweRanAkfUHEKJ8JPzHBpCdA6Fa26KvB
2026-09-22T14:17:13.000Z,BUY,99mRw3EzdJZWEUjgp1nrU4WeHsukUBjbh7gYE7pm4F3c,0.215309343,5634.870000,29dNy9VqQeeJNYvb6p8F5Q4Lx1tqFwztFjT6NkyocyhR6JrRhu9v2wNFqTo32M6ZaYZSn96wKLwkiQTwtE2Xz1bh
